<beans xmlns="http://www.springframework.org/schema/beans"
    xmlns:xsi="http://www.w3.org/2001/XMLSchema-instance"
    xmlns:context="http://www.springframework.org/schema/context"
    xsi:schemaLocation="http://www.springframework.org/schema/beans
    http://www.springframework.org/schema/beans/spring-beans-4.2.xsd
    http://www.springframework.org/schema/context
    http://www.springframework.org/schema/context/spring-context-4.2.xsd">

    <context:component-scan base-package="proptest" />

    <context:property-placeholder location="classpath:/proptest/app.properties"/>

    <bean id="dataSource"
        class="org.springframework.jdbc.datasource.DriverManagerDataSource" >
        <property name="driverClassName" value="${classname}" />
        <property name="url" value="${url}" />
        <property name="username" value="${username}" />
        <property name="password" value="${password}" />
    </bean>

    <bean id="jdbcTemplate" class="org.springframework.jdbc.core.JdbcTemplate">
        <constructor-arg ref="dataSource" />
    </bean>

    <bean class="test.SampleDao">
        <property name="JdbcTemplate" ref="jdbcTemplate" />
    </bean>

</beans>