<?xml version="1.0" encoding="UTF-8"?>
<beans
	xmlns="http://www.springframework.org/schema/beans"
	xmlns:xsi="http://www.w3.org/2001/XMLSchema-instance"
	xmlns:p="http://www.springframework.org/schema/p"
	xsi:schemaLocation="http://www.springframework.org/schema/beans http://www.springframework.org/schema/beans/spring-beans-3.1.xsd">

	<bean id="dataSource"
		class="org.apache.commons.dbcp2.BasicDataSource">
		<property name="driverClassName"
			value="org.postgresql.Driver">
		</property>
		<property name="url"
			value="jdbc:postgresql://database-2.c5tsus5pub3a.ap-northeast-1.rds.amazonaws.com:5432/postgres">
		</property>

		<property name="username" value="postgres"></property>

		<property name="password" value="12345678"></property>
	</bean>

	<bean id="sessionFactory"
		class="org.springframework.orm.hibernate4.LocalSessionFactoryBean">

		<property name="dataSource">
			<ref bean="dataSource" />
		</property>

		<property name="configLocation">
		<value>classpath:hibernate.cfg.xml</value>
		</property>

		<property name="hibernateProperties">
			<props>
				<prop key="hibernate.format_sql">true</prop>
				<prop key="hibernate.show_sql">true</prop>
				<prop key="hibernate.dialect">org.hibernate.dialect.PostgreSQLDialect</prop>
			</props>
		</property>
	</bean>
	</beans>